date_scraped,time_scraped,url
2017-02-14,14:45:36,https://www.whitehouse.gov/
2017-02-14,14:45:36,https://www.whitehouse.gov/profiles/forall/themes/custom/fortyfour/images/fortyfour/favicons/iOS_152x152.png
2017-02-14,14:45:36,https://www.whitehouse.gov/profiles/forall/themes/custom/fortyfour/images/fortyfour/favicons/iOS_120x120.png
2017-02-14,14:45:37,https://www.whitehouse.gov/profiles/forall/themes/custom/fortyfour/images/fortyfour/favicons/apple-touch-icon-57x57-precomposed.png
2017-02-14,14:45:37,https://www.whitehouse.gov/profiles/forall/themes/custom/fortyfour/images/fortyfour/favicons/iOS_180x180.png
2017-02-14,14:45:37,https://www.whitehouse.gov/profiles/forall/themes/custom/fortyfour/images/fortyfour/favicons/iOS_167x167.png
2017-02-14,14:45:37,https://www.whitehouse.gov/profiles/forall/themes/custom/fortyfour/images/fortyfour/favicons/iOS_76x76.png
2017-02-14,14:45:37,https://www.whitehouse.gov/profiles/forall/themes/custom/fortyfour/images/fortyfour/favicons/apple-touch-icon-60x60-precomposed.png
2017-02-14,14:45:37,https://www.whitehouse.gov/profiles/forall/themes/custom/fortyfour/favicon.ico
2017-02-14,14:45:37,https://www.whitehouse.gov/profiles/forall/themes/custom/fortyfour/images/fortyfour/favicons/favicon-32x32.png
2017-02-14,14:45:37,https://www.whitehouse.gov/profiles/forall/themes/custom/fortyfour/images/fortyfour/favicons/favicon-16x16.png
2017-02-14,14:45:37,https://www.whitehouse.gov/profiles/forall/themes/custom/fortyfour/images/fortyfour/favicons/favicon-96x96.png
2017-02-14,14:45:37,https://www.whitehouse.gov/profiles/forall/themes/custom/fortyfour/images/fortyfour/favicons/favicon-128.png
2017-02-14,14:45:37,https://www.whitehouse.gov/profiles/forall/themes/custom/fortyfour/images/fortyfour/favicons/favicon-196x196.png
2017-02-14,14:45:37,https://www.whitehouse.gov/profiles/forall/themes/custom/fortyfour/images/fortyfour/favicons/apple-touch-icon-144x144-precomposed.png
2017-02-14,14:45:37,https://www.whitehouse.gov/profiles/forall/themes/custom/fortyfour/images/fortyfour/favicons/apple-touch-icon-152x152-precomposed.png
2017-02-14,14:45:37,https://www.whitehouse.gov/profiles/forall/themes/custom/fortyfour/images/fortyfour/favicons/apple-touch-icon-72x72-precomposed.png
2017-02-14,14:45:37,https://www.whitehouse.gov/profiles/forall/themes/custom/fortyfour/images/fortyfour/favicons/apple-touch-icon-120x120-precomposed.png
2017-02-14,14:45:37,https://www.whitehouse.gov/profiles/forall/themes/custom/fortyfour/images/fortyfour/favicons/apple-touch-icon-114x114-precomposed.png
2017-02-14,14:45:37,https://www.whitehouse.gov/profiles/forall/themes/custom/fortyfour/images/fortyfour/favicons/apple-touch-icon-76x76-precomposed.png
2017-02-14,14:45:37,https://www.whitehouse.gov/sites/whitehouse.gov/files/advagg_css/css__nrzz0qPx72thwmgjDs1PhjAsNOYKnl2PmpKqCRsqoOQ__jFOZrBEq8atcuaqanZ2SARmeFZ6Yhphd6KwP6zsI_Og__yN1o6etD_FB5RFrt4f9rEo5hyCEX7z1qfNw5Yg899Cg.css
2017-02-14,14:45:37,https://www.whitehouse.gov/sites/whitehouse.gov/files/advagg_css/css__gMQWD3coNk5Au2fO23W-pX-TUWlu3Yki30kqSggljxo__2-EhHNf5nZZqC9WakRsWUy_6-BQ5jc7OfcRhDfp_PXc__yN1o6etD_FB5RFrt4f9rEo5hyCEX7z1qfNw5Yg899Cg.css
2017-02-14,14:45:37,https://www.whitehouse.gov/sites/whitehouse.gov/files/advagg_css/css__ZcngCi2htGgg40kDEpEDUDtn-vqShY4u7B2KQvZ0n6A__1AKg1WZNYGFkguCOOocgbHoX4sumviacQ2zpSGEi-jg__yN1o6etD_FB5RFrt4f9rEo5hyCEX7z1qfNw5Yg899Cg.css
2017-02-14,14:45:37,https://www.whitehouse.gov/sites/whitehouse.gov/files/advagg_js/js__NE7EnOYPYYKVWJEZV3b_Z6vx-BZ5oVwoRFJHaRKHfpU__g6xANM1OcRgSwG8dd6XBT2RqAaTWe5urP58rrnRJpWM__yN1o6etD_FB5RFrt4f9rEo5hyCEX7z1qfNw5Yg899Cg.js
2017-02-14,14:45:37,https://www.whitehouse.gov/sites/whitehouse.gov/modules/contrib/usfedgov_google_analytics/js/Universal-Federated-Analytics-Min.js?agency=Executive%20Office%20of%20the%20President&subagency=The%20White%20House
2017-02-14,14:45:37,https://www.whitehouse.gov/contact
2017-02-14,14:45:37,https://www.whitehouse.gov/profiles/forall/modules/custom/gov_whitehouse_www/images/icons/wh_logo_seal.png
2017-02-14,14:45:37,https://www.whitehouse.gov/blog
2017-02-14,14:45:37,https://www.whitehouse.gov/featured-videos
2017-02-14,14:45:37,https://www.whitehouse.gov/briefing-room/speeches-and-remarks
2017-02-14,14:45:37,https://www.whitehouse.gov/briefing-room/press-briefings
2017-02-14,14:45:37,https://www.whitehouse.gov/briefing-room/statements-and-releases
2017-02-14,14:45:37,https://www.whitehouse.gov/briefing-room/presidential-actions
2017-02-14,14:45:37,https://www.whitehouse.gov/briefing-room/legislation
2017-02-14,14:45:37,https://www.whitehouse.gov/briefing-room/nominations-and-appointments
2017-02-14,14:45:37,https://www.whitehouse.gov/briefing-room/disclosures
2017-02-14,14:45:37,https://www.whitehouse.gov/america-first-energy
2017-02-14,14:45:38,https://www.whitehouse.gov/america-first-foreign-policy
2017-02-14,14:45:38,https://www.whitehouse.gov/bringing-back-jobs-and-growth
2017-02-14,14:45:38,https://www.whitehouse.gov/making-our-military-strong-again
2017-02-14,14:45:38,https://www.whitehouse.gov/law-enforcement-community
2017-02-14,14:45:38,https://www.whitehouse.gov/trade-deals-working-all-americans
2017-02-14,14:45:38,https://www.whitehouse.gov/administration/president-trump
2017-02-14,14:45:38,https://www.whitehouse.gov/administration/vice-president-pence
2017-02-14,14:45:38,https://www.whitehouse.gov/administration/first-lady-melania-trump
2017-02-14,14:45:38,https://www.whitehouse.gov/administration/karen-pence
2017-02-14,14:45:38,https://www.whitehouse.gov/administration/cabinet
2017-02-14,14:45:38,https://www.whitehouse.gov/participate/tours-and-events
2017-02-14,14:45:38,https://www.whitehouse.gov/participate/internships
2017-02-14,14:45:38,https://www.whitehouse.gov/participate/fellows
2017-02-14,14:45:38,https://www.whitehouse.gov/support-nominee-gorsuch
2017-02-14,14:45:38,https://www.whitehouse.gov/support-americans-back-to-work
2017-02-14,14:45:38,https://www.whitehouse.gov/1600/Presidents
2017-02-14,14:45:39,https://www.whitehouse.gov/1600/first-ladies
2017-02-14,14:45:39,https://www.whitehouse.gov/1600/vp-residence
2017-02-14,14:45:39,https://www.whitehouse.gov/1600/eeob
2017-02-14,14:45:39,https://www.whitehouse.gov/1600/camp-david
2017-02-14,14:45:39,https://www.whitehouse.gov/1600/air-force-one
2017-02-14,14:45:39,https://www.whitehouse.gov/1600/executive-branch
2017-02-14,14:45:39,https://www.whitehouse.gov/1600/legislative-branch
2017-02-14,14:45:39,https://www.whitehouse.gov/1600/judicial-branch
2017-02-14,14:45:39,https://www.whitehouse.gov/1600/constitution
2017-02-14,14:45:39,https://www.whitehouse.gov/1600/federal-agencies-and-commissions
2017-02-14,14:45:39,https://www.whitehouse.gov/1600/elections-and-voting
2017-02-14,14:45:39,https://www.whitehouse.gov/1600/state-and-local-government
2017-02-14,14:45:39,https://www.whitehouse.gov/sites/whitehouse.gov/files/hero-backgrounds/DJT-Bio-Header%20%282%29.jpg
2017-02-14,14:45:39,https://www.whitehouse.gov/live/inauguration-45th-president-united-states
2017-02-14,14:45:39,https://www.whitehouse.gov/privacy
2017-02-14,14:45:39,https://www.whitehouse.gov/copyright
2017-02-14,14:45:39,https://www.whitehouse.gov/sites/whitehouse.gov/files/advagg_js/js__Iet5d_4HeaB9Z08fg6RWdeORbzHlLKLVUN2d-B34fxs__9w5LOQcUjwHnWIRHIDuF4ofk1_wmbBRcNaREYSRRuyA__yN1o6etD_FB5RFrt4f9rEo5hyCEX7z1qfNw5Yg899Cg.js
2017-02-14,14:45:39,https://www.whitehouse.gov/sites/whitehouse.gov/files/advagg_js/js__MNsce95EE2U1MGfEe9Z4LrJrncsufjhwI_7uPPeDh_k__UmmmJeJUAhRosK-zb14YY_acPEEa-8yzFhRknDoZbYg__yN1o6etD_FB5RFrt4f9rEo5hyCEX7z1qfNw5Yg899Cg.js
2017-02-14,14:45:39,https://www.whitehouse.gov/sites/whitehouse.gov/files/advagg_js/js__d6fIDVjGeSjn4cGfpXV0L2K2xmwd_rhrT8TX7HVfNSQ__KNDIL8lJ-Ccwi_UNmLFErhBWqLOJSJbKRoULyKVr1rI__yN1o6etD_FB5RFrt4f9rEo5hyCEX7z1qfNw5Yg899Cg.js
2017-02-14,14:45:39,https://www.whitehouse.gov/sites/whitehouse.gov/files/45/POTUS_45header.jpeg
2017-02-14,14:45:39,https://www.whitehouse.gov/sites/whitehouse.gov/files/advagg_js/js__Gw_M48N_E202_rzXKCs9cJs7Srl7QPVLESBmBOvDT88__VhPNoiKDI_ZkMAikh_VczBNY9zWgednjzr8cR1Cg_xk__yN1o6etD_FB5RFrt4f9rEo5hyCEX7z1qfNw5Yg899Cg.js
2017-02-14,14:45:39,https://www.whitehouse.gov/feed/blog/white-house
2017-02-14,14:45:39,https://www.whitehouse.gov/the-press-office/2017/02/13/president-donald-j-trump-names-lt-general-joseph-keith-kellogg-jr-acting
2017-02-14,14:45:39,https://www.whitehouse.gov/the-press-office/2017/02/13/remarks-president-trump-swearing-ceremony-treasury-secretary-mnuchin
2017-02-14,14:45:40,https://www.whitehouse.gov/the-press-office/2017/02/13/second-lady-karen-pence-receives-courage-award
2017-02-14,14:45:40,https://www.whitehouse.gov/the-press-office/2017/02/13/readout-vice-presidents-call-president-michel-temer-brazil
2017-02-14,14:45:40,https://www.whitehouse.gov/the-press-office/2017/02/13/readout-presidents-call-president-juan-manuel-santos-colombia
2017-02-14,14:45:40,https://www.whitehouse.gov/the-press-office/2017/02/13/budgetary-impact-analysis-executive-order-entitled-providing-order
2017-02-14,14:45:40,https://www.whitehouse.gov/the-press-office/2017/02/13/budgetary-impact-analysis-executive-order-entitled-task-force-crime
2017-02-14,14:45:40,https://www.whitehouse.gov/the-press-office/2017/02/13/budgetary-impact-analysis-executive-order-entitled-enforcing-federal-law
2017-02-14,14:45:40,https://www.whitehouse.gov/the-press-office/2017/02/13/budgetary-impact-analysis-executive-order-entitled-preventing-violence
2017-02-14,14:45:40,https://www.whitehouse.gov/the-press-office/2017/02/13/remarks-president-trump-and-prime-minister-trudeau-canada-joint-press
2017-02-14,14:45:40,https://www.whitehouse.gov/blog?page=1
2017-02-14,14:45:40,https://www.whitehouse.gov/sites/whitehouse.gov/files/advagg_js/js__H7GW3hU42F-C9wAy7FViGYOje5qkQXVlrEkljB4GbzU___wUh6cXVarf9_HThTLXEPPyb6KO4cCNsq6row2BjD0I__yN1o6etD_FB5RFrt4f9rEo5hyCEX7z1qfNw5Yg899Cg.js
2017-02-14,14:45:40,https://www.whitehouse.gov/sites/whitehouse.gov/files/advagg_js/js__Iim1AbJnxH3rRatJnOUIol7sNLvE4qpx4Tw1i-5inNg__PKAyehXfKMD313dQeX4wrEOnHtAr3I0F2vnbRDqpyWE__yN1o6etD_FB5RFrt4f9rEo5hyCEX7z1qfNw5Yg899Cg.js
2017-02-14,14:45:40,https://www.whitehouse.gov/sites/whitehouse.gov/files/featured-videos.gif
2017-02-14,14:45:40,https://www.whitehouse.gov/featured-videos/video/2017/02/14/parent-teacher-conference-listening-session
2017-02-14,14:45:40,https://www.whitehouse.gov/featured-videos/video/2017/02/13/president-trump-and-prime-minister-trudeau
2017-02-14,14:45:40,https://www.whitehouse.gov/featured-videos/video/2017/02/13/president-trump-participates-roundtable
2017-02-14,14:45:40,https://www.whitehouse.gov/featured-videos/video/2017/02/13/swearing-ceremony-secretary-treasury
2017-02-14,14:45:40,https://www.whitehouse.gov/featured-videos/video/2017/02/11/joint-statment-president-trump-and-prime-minister-shinz%C5%8D-abe
2017-02-14,14:45:41,https://www.whitehouse.gov/featured-videos/video/2017/02/10/swearing-hhs-secretary-dr-tom-price
2017-02-14,14:45:41,https://www.whitehouse.gov/featured-videos/video/2017/02/10/president-trump-and-prime-minister-shinz%C5%8D-abe
2017-02-14,14:45:41,https://www.whitehouse.gov/featured-videos/video/2017/02/10/weekly-address
2017-02-14,14:45:41,https://www.whitehouse.gov/featured-videos/video/2017/02/09/president-trump-participates-swearing-attorney-general-jeff
2017-02-14,14:45:41,https://www.whitehouse.gov/featured-videos/video/2017/02/09/2917-white-house-press-briefing
2017-02-14,14:45:41,https://www.whitehouse.gov/featured-videos?topic=All&year[value]&page=1
2017-02-14,14:45:41,https://www.whitehouse.gov/sites/whitehouse.gov/files/advagg_js/js__arugWQ1zd1R6dS447fkp-oYCDi_OuxyX6Lrn71YGpWM__c1PwX5SS0CcVPrMD1fEmwsFddmS68ylxSpq78WUfYBM__yN1o6etD_FB5RFrt4f9rEo5hyCEX7z1qfNw5Yg899Cg.js
2017-02-14,14:45:41,https://www.whitehouse.gov/the-press-office/2017/02/14/remarks-president-trump-parent-teacher-conference-listening-session
2017-02-14,14:45:41,https://www.whitehouse.gov/the-press-office/2017/02/13/remarks-president-trump-and-prime-minister-trudeau-canada-roundtable
2017-02-14,14:45:41,https://www.whitehouse.gov/the-press-office/2017/02/10/president-trumps-weekly-address
2017-02-14,14:45:41,https://www.whitehouse.gov/the-press-office/2017/02/10/remarks-president-trump-and-prime-minister-abe-japan-joint-press
2017-02-14,14:45:42,https://www.whitehouse.gov/the-press-office/2017/02/10/remarks-vice-president-swearing-ceremony-secretary-price
2017-02-14,14:45:42,https://www.whitehouse.gov/the-press-office/2017/02/09/remarks-vice-president-henry-o-flipper-dinner-west-point
2017-02-14,14:45:42,https://www.whitehouse.gov/the-press-office/2017/02/09/remarks-president-trump-scotus-listening-session
2017-02-14,14:45:42,https://www.whitehouse.gov/the-press-office/2017/02/09/remarks-president-trump-meeting-aviation-industry
2017-02-14,14:45:42,https://www.whitehouse.gov/briefing-room/speeches-and-remarks?term_node_tid_depth=31&page=1
2017-02-14,14:45:42,https://www.whitehouse.gov/the-press-office/2017/02/09/press-briefing-press-secretary-sean-spicer-292017-11
2017-02-14,14:45:42,https://www.whitehouse.gov/the-press-office/2017/02/09/background-press-call-prime-minister-abes-visit-white-house
2017-02-14,14:45:42,https://www.whitehouse.gov/the-press-office/2017/02/08/press-briefing-press-secretary-sean-spicer-282017-10
2017-02-14,14:45:42,https://www.whitehouse.gov/the-press-office/2017/02/07/press-briefing-press-secretary-sean-spicer-272017-9
2017-02-14,14:45:42,https://www.whitehouse.gov/the-press-office/2017/02/06/press-gaggle-press-secretary-sean-spicer-en-route-jba-262016
2017-02-14,14:45:42,https://www.whitehouse.gov/the-press-office/2017/02/03/press-briefing-press-secretary-sean-spicer-232017-8
2017-02-14,14:45:43,https://www.whitehouse.gov/the-press-office/2017/02/02/press-briefing-press-secretary-sean-spicer-222017-7
2017-02-14,14:45:43,https://www.whitehouse.gov/the-press-office/2017/02/01/press-briefing-press-secretary-sean-spicer-212017-6
2017-02-14,14:45:43,https://www.whitehouse.gov/the-press-office/2017/01/31/statement-press-secretary-sean-spicer
2017-02-14,14:45:43,https://www.whitehouse.gov/the-press-office/2017/01/21/statement-press-secretary-sean-spicer
2017-02-14,14:45:43,https://www.whitehouse.gov/the-press-office/2017/02/14/first-lady-melania-trump-announces-reopening-white-house-visitors-office
2017-02-14,14:45:43,https://www.whitehouse.gov/the-press-office/2017/02/13/readout-vice-presidents-meeting-canadian-ministers
2017-02-14,14:45:43,https://www.whitehouse.gov/the-press-office/2017/02/13/joint-statement-president-donald-j-trump-and-prime-minister-justin
2017-02-14,14:45:43,https://www.whitehouse.gov/the-press-office/2017/02/12/top-highlights-sundays-shows
2017-02-14,14:45:43,https://www.whitehouse.gov/the-press-office/2017/02/12/readout-presidents-call-president-pedro-pablo-kuczynski-peru
2017-02-14,14:45:43,https://www.whitehouse.gov/the-press-office/2017/02/11/joint-statement-president-trump-and-prime-minister-abe-japan
2017-02-14,14:45:43,https://www.whitehouse.gov/briefing-room/statements-and-releases?term_node_tid_depth=41&page=1
2017-02-14,14:45:44,https://www.whitehouse.gov/briefing-room/presidential-actions/executive-orders
2017-02-14,14:45:44,https://www.whitehouse.gov/briefing-room/presidential-actions/presidential-memoranda
2017-02-14,14:45:44,https://www.whitehouse.gov/briefing-room/presidential-actions/proclamations
2017-02-14,14:45:44,https://www.whitehouse.gov/briefing-room/presidential-actions/related-omb-material
2017-02-14,14:45:44,https://www.whitehouse.gov/the-press-office/2017/02/10/providing-order-succession-within-department-justice
2017-02-14,14:45:44,https://www.whitehouse.gov/the-press-office/2017/02/09/presidential-executive-order-enforcing-federal-law-respect-transnational
2017-02-14,14:45:44,https://www.whitehouse.gov/the-press-office/2017/02/09/presidential-executive-order-preventing-violence-against-federal-state
2017-02-14,14:45:44,https://www.whitehouse.gov/the-press-office/2017/02/09/presidential-executive-order-task-force-crime-reduction-and-public
2017-02-14,14:45:44,https://www.whitehouse.gov/the-press-office/2017/02/03/presidential-memorandum-fiduciary-duty-rule
2017-02-14,14:45:44,https://www.whitehouse.gov/the-press-office/2017/02/03/presidential-executive-order-core-principles-regulating-united-states
2017-02-14,14:45:44,https://www.whitehouse.gov/the-press-office/2017/02/02/president-donald-j-trump-proclaims-february-american-heart-month
2017-02-14,14:45:44,https://www.whitehouse.gov/the-press-office/2017/01/30/presidential-executive-order-reducing-regulation-and-controlling
2017-02-14,14:45:44,https://www.whitehouse.gov/the-press-office/2017/01/28/executive-order-ethics-commitments-executive-branch-appointees
2017-02-14,14:45:44,https://www.whitehouse.gov/the-press-office/2017/01/28/presidential-memorandum-organization-national-security-council-and
2017-02-14,14:45:45,https://www.whitehouse.gov/briefing-room/presidential-actions?term_node_tid_depth=46&page=1
2017-02-14,14:45:45,https://www.whitehouse.gov/briefing-room/pending-legislation
2017-02-14,14:45:45,https://www.whitehouse.gov/briefing-room/signed-legislation
2017-02-14,14:45:45,https://www.whitehouse.gov/briefing-room/vetoed-legislation
2017-02-14,14:45:45,https://www.whitehouse.gov/briefing-room/disclosures/visitor-records
2017-02-14,14:45:45,https://www.whitehouse.gov/briefing-room/disclosures/financial-disclosures
2017-02-14,14:45:45,https://www.whitehouse.gov/briefing-room/disclosures/ethics-pledge-waivers
2017-02-14,14:45:45,https://www.whitehouse.gov/forreviewstaff-salaries
2017-02-14,14:45:45,https://www.whitehouse.gov/sites/whitehouse.gov/files/45/POTUS_Speech2.jpg
2017-02-14,14:45:45,https://www.whitehouse.gov/sites/whitehouse.gov/files/images/45/PE%20Color.jpg
2017-02-14,14:45:45,https://www.whitehouse.gov/sites/whitehouse.gov/files/advagg_js/js__rFdfwI_Wi_nuFemYZtP_aqVjNcY3PO7wRsLpA-6EBWU__Gm0nX2_9FXZicl5XMbsLbhjnmjI_63yJMG23_XYWLzE__yN1o6etD_FB5RFrt4f9rEo5hyCEX7z1qfNw5Yg899Cg.js
2017-02-14,14:45:45,https://www.whitehouse.gov/sites/whitehouse.gov/files/advagg_js/js___J3FekVF7LVdHQZ5EAD-nYm3rrX-n2SgW3VfREy0eUM__yWCIGqlEAqY1wiUydRBbUOMRAV6uc1ffNsIjFu-RLYw__yN1o6etD_FB5RFrt4f9rEo5hyCEX7z1qfNw5Yg899Cg.js
2017-02-14,14:45:45,https://www.whitehouse.gov/sites/whitehouse.gov/files/45/VP_Pence1.jpg
2017-02-14,14:45:45,https://www.whitehouse.gov/sites/whitehouse.gov/files/images/45/VPE%20Color.jpg
2017-02-14,14:45:45,https://www.whitehouse.gov/sites/whitehouse.gov/files/45/FLOTUS_Melania1.jpg
2017-02-14,14:45:45,https://www.whitehouse.gov/sites/whitehouse.gov/files/45/FLOTUS_avi.jpg
2017-02-14,14:45:45,https://www.whitehouse.gov/sites/whitehouse.gov/files/45/Pence_Rally.jpg
2017-02-14,14:45:45,https://www.whitehouse.gov/sites/whitehouse.gov/files/45/Karen%20Pence%20Headshot.jpg
2017-02-14,14:45:45,https://www.whitehouse.gov/sites/whitehouse.gov/files/advagg_js/js__iztr_VSP7Hc8-PTJijVCvNeW_VIckYfKWhuZWnZzT8U__eln1VZrn4VwIIC24ANFHXBs1jfFF9gN9UBeFZBfmNK8__yN1o6etD_FB5RFrt4f9rEo5hyCEX7z1qfNw5Yg899Cg.js
2017-02-14,14:45:45,https://www.whitehouse.gov/sites/whitehouse.gov/files/advagg_js/js__efVDQDnjzdSGfPJqGBIeGT85ysIFYRyVRaATjApIJz8__wHW7F5xK0lgrqa4d6QQzCF4Mj03ne2nyMfsDHr15DW8__yN1o6etD_FB5RFrt4f9rEo5hyCEX7z1qfNw5Yg899Cg.js
2017-02-14,14:45:45,https://www.whitehouse.gov/participate/internships/about
2017-02-14,14:45:45,https://www.whitehouse.gov/participate/internships/selection
2017-02-14,14:45:45,https://www.whitehouse.gov/participate/internships/apply
2017-02-14,14:45:45,https://www.whitehouse.gov/participate/internships/contact
2017-02-14,14:45:45,https://www.whitehouse.gov/participate/fellows/about
2017-02-14,14:45:46,https://www.whitehouse.gov/participate/fellows/2016-2017
2017-02-14,14:45:46,https://www.whitehouse.gov/participate/fellows/process
2017-02-14,14:45:46,https://www.whitehouse.gov/participate/fellows/faq
2017-02-14,14:45:46,https://www.whitehouse.gov/participate/fellows/contact
2017-02-14,14:45:46,https://www.whitehouse.gov/participate/fellows/application
2017-02-14,14:45:46,https://www.whitehouse.gov/sites/whitehouse.gov/files/advagg_js/js__Hc9Q6hOUHTcOyxGYHK0wJXVzMmp5SPwwO4mGDJbzNGc__zj_RKq2IjkyFQobZPkJjDOSOJOdr-5N05ip_4K0RX_c__yN1o6etD_FB5RFrt4f9rEo5hyCEX7z1qfNw5Yg899Cg.js
2017-02-14,14:45:46,https://www.whitehouse.gov/sites/whitehouse.gov/files/advagg_js/js__d5PrDtiwoGR3gZFLwi7WgYwjz9CpzF9tm_hWLlMnUTY__xjb0h4Z4XOJrJi2QWn763DtoeNuLRyQ7EORXgzZmsnA__yN1o6etD_FB5RFrt4f9rEo5hyCEX7z1qfNw5Yg899Cg.js
2017-02-14,14:45:46,https://www.whitehouse.gov/1600/presidents/georgewashington
2017-02-14,14:45:46,https://www.whitehouse.gov/1600/presidents/johnadams
2017-02-14,14:45:46,https://www.whitehouse.gov/1600/presidents/thomasjefferson
2017-02-14,14:45:46,https://www.whitehouse.gov/1600/presidents/jamesmadison
2017-02-14,14:45:47,https://www.whitehouse.gov/1600/presidents/jamesmonroe
2017-02-14,14:45:47,https://www.whitehouse.gov/1600/presidents/johnquincyadams
2017-02-14,14:45:47,https://www.whitehouse.gov/1600/presidents/andrewjackson
2017-02-14,14:45:47,https://www.whitehouse.gov/1600/presidents/martinvanburen
2017-02-14,14:45:47,https://www.whitehouse.gov/1600/presidents/williamhenryharrison
2017-02-14,14:45:47,https://www.whitehouse.gov/1600/presidents/johntyler
2017-02-14,14:45:47,https://www.whitehouse.gov/1600/presidents/jamespolk
2017-02-14,14:45:47,https://www.whitehouse.gov/1600/presidents/zacharytaylor
2017-02-14,14:45:47,https://www.whitehouse.gov/1600/presidents/millardfillmore
2017-02-14,14:45:47,https://www.whitehouse.gov/1600/presidents/franklinpierce
2017-02-14,14:45:47,https://www.whitehouse.gov/1600/presidents/jamesbuchanan
2017-02-14,14:45:47,https://www.whitehouse.gov/1600/presidents/abrahamlincoln
2017-02-14,14:45:47,https://www.whitehouse.gov/1600/presidents/andrewjohnson
2017-02-14,14:45:47,https://www.whitehouse.gov/1600/presidents/ulyssessgrant
2017-02-14,14:45:47,https://www.whitehouse.gov/1600/presidents/rutherfordbhayes
2017-02-14,14:45:48,https://www.whitehouse.gov/1600/presidents/jamesgarfield
2017-02-14,14:45:48,https://www.whitehouse.gov/1600/presidents/chesterarthur
2017-02-14,14:45:48,https://www.whitehouse.gov/1600/presidents/grovercleveland22
2017-02-14,14:45:48,https://www.whitehouse.gov/1600/presidents/benjaminharrison
2017-02-14,14:45:48,https://www.whitehouse.gov/1600/presidents/grovercleveland24
2017-02-14,14:45:48,https://www.whitehouse.gov/1600/presidents/williammckinley
2017-02-14,14:45:48,https://www.whitehouse.gov/1600/presidents/theodoreroosevelt
2017-02-14,14:45:48,https://www.whitehouse.gov/1600/presidents/williamhowardtaft
2017-02-14,14:45:48,https://www.whitehouse.gov/1600/presidents/woodrowwilson
2017-02-14,14:45:48,https://www.whitehouse.gov/1600/presidents/warrenharding
2017-02-14,14:45:48,https://www.whitehouse.gov/1600/presidents/calvincoolidge
2017-02-14,14:45:48,https://www.whitehouse.gov/1600/presidents/herberthoover
2017-02-14,14:45:48,https://www.whitehouse.gov/1600/presidents/franklindroosevelt
2017-02-14,14:45:48,https://www.whitehouse.gov/1600/presidents/harrystruman
2017-02-14,14:45:48,https://www.whitehouse.gov/1600/presidents/dwightdeisenhower
2017-02-14,14:45:48,https://www.whitehouse.gov/1600/presidents/johnfkennedy
2017-02-14,14:45:49,https://www.whitehouse.gov/1600/presidents/lyndonbjohnson
2017-02-14,14:45:49,https://www.whitehouse.gov/1600/presidents/richardnixon
2017-02-14,14:45:49,https://www.whitehouse.gov/1600/presidents/geraldford
2017-02-14,14:45:49,https://www.whitehouse.gov/1600/presidents/jimmycarter
2017-02-14,14:45:49,https://www.whitehouse.gov/1600/presidents/ronaldreagan
2017-02-14,14:45:49,https://www.whitehouse.gov/1600/presidents/georgehwbush
2017-02-14,14:45:49,https://www.whitehouse.gov/1600/presidents/williamjclinton
2017-02-14,14:45:49,https://www.whitehouse.gov/1600/presidents/georgewbush
2017-02-14,14:45:49,https://www.whitehouse.gov/1600/presidents/barackobama
2017-02-14,14:45:49,https://www.whitehouse.gov/1600/first-ladies/marthawashington
2017-02-14,14:45:49,https://www.whitehouse.gov/1600/first-ladies/abigailadams
2017-02-14,14:45:50,https://www.whitehouse.gov/1600/first-ladies/marthajefferson
2017-02-14,14:45:50,https://www.whitehouse.gov/1600/first-ladies/dolleymadison
2017-02-14,14:45:50,https://www.whitehouse.gov/1600/first-ladies/louisaadams
2017-02-14,14:45:50,https://www.whitehouse.gov/1600/first-ladies/racheljackson
2017-02-14,14:45:50,https://www.whitehouse.gov/1600/first-ladies/hannahvanburen
2017-02-14,14:45:50,https://www.whitehouse.gov/1600/first-ladies/annaharrison
2017-02-14,14:45:50,https://www.whitehouse.gov/1600/first-ladies/letitiatyler
2017-02-14,14:45:50,https://www.whitehouse.gov/1600/first-ladies/juliatyler
2017-02-14,14:45:51,https://www.whitehouse.gov/1600/first-ladies/sarahpolk
2017-02-14,14:45:51,https://www.whitehouse.gov/1600/first-ladies/margarettaylor
2017-02-14,14:45:51,https://www.whitehouse.gov/1600/first-ladies/abigailfillmore
2017-02-14,14:45:51,https://www.whitehouse.gov/1600/first-ladies/janepierce
2017-02-14,14:45:51,https://www.whitehouse.gov/1600/first-ladies/harrietlane
2017-02-14,14:45:52,https://www.whitehouse.gov/1600/first-ladies/marylincoln
2017-02-14,14:45:52,https://www.whitehouse.gov/1600/first-ladies/elizajohnson
2017-02-14,14:45:52,https://www.whitehouse.gov/1600/first-ladies/juliagrant
2017-02-14,14:45:52,https://www.whitehouse.gov/1600/first-ladies/lucyhayes
2017-02-14,14:45:53,https://www.whitehouse.gov/1600/first-ladies/lucretiagarfield
2017-02-14,14:45:53,https://www.whitehouse.gov/1600/first-ladies/ellenarthur
2017-02-14,14:45:53,https://www.whitehouse.gov/1600/first-ladies/carolineharrison
2017-02-14,14:45:54,https://www.whitehouse.gov/1600/first-ladies/francescleveland-0
2017-02-14,14:45:54,https://www.whitehouse.gov/1600/first-ladies/idamckinley
2017-02-14,14:45:54,https://www.whitehouse.gov/1600/first-ladies/edithroosevelt
2017-02-14,14:45:54,https://www.whitehouse.gov/1600/first-ladies/helentaft
2017-02-14,14:45:54,https://www.whitehouse.gov/1600/first-ladies/ellenwilson
2017-02-14,14:45:54,https://www.whitehouse.gov/1600/first-ladies/edithwilson
2017-02-14,14:45:54,https://www.whitehouse.gov/1600/first-ladies/florenceharding
2017-02-14,14:45:54,https://www.whitehouse.gov/1600/first-ladies/gracecoolidge
2017-02-14,14:45:54,https://www.whitehouse.gov/1600/first-ladies/louhoover
2017-02-14,14:45:55,https://www.whitehouse.gov/1600/first-ladies/eleanorroosevelt
2017-02-14,14:45:55,https://www.whitehouse.gov/1600/first-ladies/besstruman
2017-02-14,14:45:55,https://www.whitehouse.gov/1600/first-ladies/mamieeisenhower
2017-02-14,14:45:55,https://www.whitehouse.gov/1600/first-ladies/jacquelinekennedy
2017-02-14,14:45:55,https://www.whitehouse.gov/1600/first-ladies/ladybirdjohnson
2017-02-14,14:45:55,https://www.whitehouse.gov/1600/first-ladies/patnixon
2017-02-14,14:45:55,https://www.whitehouse.gov/1600/first-ladies/bettyford
2017-02-14,14:45:55,https://www.whitehouse.gov/1600/first-ladies/rosalynncarter
2017-02-14,14:45:56,https://www.whitehouse.gov/1600/first-ladies/nancyreagan
2017-02-14,14:45:56,https://www.whitehouse.gov/1600/first-ladies/barbarabush
2017-02-14,14:45:56,https://www.whitehouse.gov/1600/first-ladies/hillaryclinton
2017-02-14,14:45:56,https://www.whitehouse.gov/1600/first-ladies/laurabush
2017-02-14,14:45:56,https://www.whitehouse.gov/1600/first-ladies/michelleobama
2017-02-14,14:45:56,https://www.whitehouse.gov/sites/whitehouse.gov/files/advagg_js/js__WnThp_kpAv50Gro8qyPO7ELtUY0Dyh-xOjhy05oxK5g__X_aL3XAi06EVkpET2OhdCIT-_b9wpMd8_6kfijobjAA__yN1o6etD_FB5RFrt4f9rEo5hyCEX7z1qfNw5Yg899Cg.js
2017-02-14,14:45:56,https://www.whitehouse.gov/sites/whitehouse.gov/files/advagg_js/js__0UBFbHZUooDmpb4mfaZ-9D2BGZcYMgZK1kjDZYZ4gXY__bPR9m8sRSHoeLeUQoMEkhspyPvL46lHEONii5HRj_tY__yN1o6etD_FB5RFrt4f9rEo5hyCEX7z1qfNw5Yg899Cg.js
2017-02-14,14:45:56,https://www.whitehouse.gov/sites/whitehouse.gov/files/images/1600/page_masthead/1600_eeob.jpg
2017-02-14,14:45:59,https://www.whitehouse.gov/sites/whitehouse.gov/files/images/1600/page_masthead/1600_camp_david.jpg
2017-02-14,14:45:59,https://www.whitehouse.gov/sites/whitehouse.gov/files/images/1600/page_masthead/Air_Force_One_on_the_ground.jpg
2017-02-14,14:45:59,https://www.whitehouse.gov/sites/whitehouse.gov/files/images/1600/page_masthead/1600_executive_branch.jpg
2017-02-14,14:45:59,https://www.whitehouse.gov/sites/whitehouse.gov/files/images/1600/page_masthead/1600_legislative_branch.jpg
2017-02-14,14:45:59,https://www.whitehouse.gov/sites/whitehouse.gov/files/images/1600/page_masthead/1600_supreme_court.jpg
2017-02-14,14:45:59,https://www.whitehouse.gov/sites/whitehouse.gov/files/images/1600/page_masthead/Constitution.jpg
2017-02-14,14:45:59,https://www.whitehouse.gov/1600/constitution
2017-02-14,14:45:59,https://www.whitehouse.gov/sites/whitehouse.gov/files/45/Trump_Elections.jpg
2017-02-14,14:46:00,https://www.whitehouse.gov/live
2017-02-14,14:46:00,https://www.whitehouse.gov/contact
2017-02-14,14:46:03,https://www.whitehouse.gov/briefing-room/presidential-actions/related-omb-material/budgetary-impact-analysis
2017-02-14,14:46:03,https://www.whitehouse.gov/briefing-room/presidential-actions/related-omb-material/memorandum
2017-02-14,14:46:03,https://www.whitehouse.gov/briefing-room/statements-administration-policy
2017-02-14,14:46:03,https://www.whitehouse.gov/sites/whitehouse.gov/files/docs/flynn-resignation-ltr.pdf
2017-02-14,14:46:03,https://www.whitehouse.gov/sites/whitehouse.gov/files/briefing-room/presidential-actions/related-omb-material/budgetary_impact_analysis_eo_providing_order_succession.pdf
2017-02-14,14:46:03,https://www.whitehouse.gov/sites/whitehouse.gov/files/briefing-room/presidential-actions/related-omb-material/budgetary_impact_analysis_eo_task_force_crime_reduction_public_safety.pdf
2017-02-14,14:46:03,https://www.whitehouse.gov/sites/whitehouse.gov/files/briefing-room/presidential-actions/related-omb-material/budgetary_impact_analysis_eo_enforcing_federal_law.pdf
2017-02-14,14:46:03,https://www.whitehouse.gov/sites/whitehouse.gov/files/briefing-room/presidential-actions/related-omb-material/budgetary_impact_analysis_eo_preventing_violence.pdf
2017-02-14,14:46:04,https://www.whitehouse.gov/the-press-office/2017/02/11/readout-presidents-day-japanese-prime-minister-shinz%C5%8D-abe
2017-02-14,14:46:04,https://www.whitehouse.gov/the-press-office/2017/02/11/president-trump-approves-louisiana-disaster-declaration
2017-02-14,14:46:04,https://www.whitehouse.gov/the-press-office/2017/02/11/president-trump-acts-restore-public-safety-and-protect-law-enforcement
2017-02-14,14:46:04,https://www.whitehouse.gov/the-press-office/2017/02/10/readout-vice-presidents-call-president-mauricio-macri-argentina
2017-02-14,14:46:04,https://www.whitehouse.gov/the-press-office/2017/02/10/readout-vice-presidents-call-president-juan-manuel-santos-colombia
2017-02-14,14:46:04,https://www.whitehouse.gov/the-press-office/2017/02/10/readout-presidents-call-prime-minister-haider-al-abadi-iraq
2017-02-14,14:46:04,https://www.whitehouse.gov/blog?page=2
2017-02-14,14:46:04,https://www.whitehouse.gov/videos/2017/February/20170211_Joint_Statement_with_President_Trump_and_PM_Abe_HD.mp4
2017-02-14,14:46:04,https://www.whitehouse.gov/videos/2017/February/20170211_Joint_Statement_with_President_Trump_and_PM_Abe.mp3
2017-02-14,14:46:04,https://www.whitehouse.gov/videos/2017/February/20170210_Vice_President_Pence_Swearing_in_the_HHS_Sec_Dr_Price_HD.mp4
2017-02-14,14:46:05,https://www.whitehouse.gov/videos/2017/February/20170210_Vice_President_Pence_Swearing_in_the_HHS_Sec_Dr_Price.mp3
2017-02-14,14:46:05,https://www.whitehouse.gov/videos/2017/February/20170210_Joint_Press_Conference_HD.mp4
2017-02-14,14:46:05,https://www.whitehouse.gov/videos/2017/February/20170210_Joint_Press_Conference.mp3
2017-02-14,14:46:05,https://www.whitehouse.gov/videos/2017/February/20170210_Weekly_Address_HD.mp4
2017-02-14,14:46:05,https://www.whitehouse.gov/videos/2017/February/20170210_Weekly_Address.mp3
2017-02-14,14:46:05,https://www.whitehouse.gov/videos/2017/February/20170209_Swearing_In_AG_Sessions_HD.mp4
2017-02-14,14:46:05,https://www.whitehouse.gov/videos/2017/February/20170209_Swearing_In_AG_Sessions.mp3
2017-02-14,14:46:05,https://www.whitehouse.gov/videos/2017/February/20170209_Press_Briefing_HD.mp4
2017-02-14,14:46:05,https://www.whitehouse.gov/videos/2017/February/20170209_Press_Briefing.mp3
2017-02-14,14:46:05,https://www.whitehouse.gov/featured-videos/video/2017/02/06/president-trump-makes-remarks-coalition-representatives-and-senior
2017-02-14,14:46:05,https://www.whitehouse.gov/featured-videos/video/2017/02/03/2317-white-house-press-briefing
2017-02-14,14:46:06,https://www.whitehouse.gov/featured-videos/video/2017/02/03/weekly-address
2017-02-14,14:46:06,https://www.whitehouse.gov/featured-videos/video/2017/02/02/2217-white-house-press-briefing
2017-02-14,14:46:06,https://www.whitehouse.gov/featured-videos/video/2017/02/01/2117-white-house-press-briefing
2017-02-14,14:46:06,https://www.whitehouse.gov/featured-videos/video/2017/02/01/swearing-secretary-state-rex-tillerson
2017-02-14,14:46:06,https://www.whitehouse.gov/featured-videos/video/2017/01/31/13117-white-house-press-briefing
2017-02-14,14:46:06,https://www.whitehouse.gov/featured-videos/video/2017/01/31/swearing-secretary-transportation
2017-02-14,14:46:07,https://www.whitehouse.gov/featured-videos/video/2017/01/31/president-trump-announces-supreme-court-united-states-nominee
2017-02-14,14:46:07,https://www.whitehouse.gov/featured-videos/video/2017/01/30/13017-white-house-press-briefing
2017-02-14,14:46:07,https://www.whitehouse.gov/featured-videos?topic=All&year[value]=
2017-02-14,14:46:07,https://www.whitehouse.gov/featured-videos?topic=All&year[value]=&page=2
2017-02-14,14:46:07,https://www.whitehouse.gov/sites/whitehouse.gov/files/advagg_js/js__HR-TCe1EVWqB3kIrhSa8jJl3PLcDf5tzBLAh9OA_4Ls__LxTgBZfbo5qB_beBjjWUoQbV9i8RhyDwDrg-zBS4NbA__yN1o6etD_FB5RFrt4f9rEo5hyCEX7z1qfNw5Yg899Cg.js
2017-02-14,14:46:07,https://www.whitehouse.gov/the-press-office/2017/02/09/remarks-president-trump-swearing-attorney-general-sessions
2017-02-14,14:46:07,https://www.whitehouse.gov/the-press-office/2017/02/08/remarks-president-trump-and-intel-ceo-brian-krzanich-us-jobs
2017-02-14,14:46:08,https://www.whitehouse.gov/the-press-office/2017/02/08/remarks-president-trump-mcca-winter-conference
2017-02-14,14:46:08,https://www.whitehouse.gov/the-press-office/2017/02/07/remarks-president-trump-roundtable-county-sheriffs
2017-02-14,14:46:08,https://www.whitehouse.gov/the-press-office/2017/02/06/remarks-president-trump-coalition-representatives-and-senior-us
2017-02-14,14:46:08,https://www.whitehouse.gov/the-press-office/2017/02/04/remarks-vice-president-mike-pence-federalist-society
2017-02-14,14:46:08,https://www.whitehouse.gov/the-press-office/2017/02/03/president-trumps-weekly-address
2017-02-14,14:46:08,https://www.whitehouse.gov/the-press-office/2017/02/03/remarks-president-trump-signing-executive-order-fiduciary-rule
2017-02-14,14:46:08,https://www.whitehouse.gov/the-press-office/2017/02/03/remarks-president-trump-strategy-and-policy-forum
2017-02-14,14:46:08,https://www.whitehouse.gov/the-press-office/2017/02/02/remarks-president-trump-meeting-harley-davidson-executives-and-union
2017-02-14,14:46:09,https://www.whitehouse.gov/briefing-room/speeches-and-remarks?term_node_tid_depth=31
2017-02-14,14:46:09,https://www.whitehouse.gov/briefing-room/speeches-and-remarks?term_node_tid_depth=31&page=2
2017-02-14,14:46:09,https://www.whitehouse.gov/sites/whitehouse.gov/files/advagg_js/js__WwsKSVXD89vBQ8DbVFQ6pLpevn2BOGYl3tgEwTmtYMI__Uwzf6n7oZI77wQpjmwNaVLzTjNuLfghCeXkwiUA_zqo__yN1o6etD_FB5RFrt4f9rEo5hyCEX7z1qfNw5Yg899Cg.js
2017-02-14,14:46:09,https://www.whitehouse.gov/sites/whitehouse.gov/files/advagg_js/js__xjpsqvipm-AgpzOKT0TYaBuek3q3HGpKfq4K6uo27co__9i5AZgdbKmGb5xm-lj0gIaKv7drPkhuc5S0DFtr5p_Q__yN1o6etD_FB5RFrt4f9rEo5hyCEX7z1qfNw5Yg899Cg.js
2017-02-14,14:46:09,https://www.whitehouse.gov/sites/whitehouse.gov/files/images/Vice_Presidents_Meeting_with_Canadian_Ministers.jpg
2017-02-14,14:46:09,https://www.whitehouse.gov/the-press-office/2017/02/10/readout-presidents-call-his-highness-sheikh-tamim-bin-hamad-al-thani
2017-02-14,14:46:09,https://www.whitehouse.gov/the-press-office/2017/02/10/readout-presidents-call-his-highness-sheikh-sabah-al-ahmad-al-jabir-al
2017-02-14,14:46:09,https://www.whitehouse.gov/the-press-office/2017/02/10/president-trump-approves-oklahoma-disaster-declaration
2017-02-14,14:46:09,https://www.whitehouse.gov/the-press-office/2017/02/10/joint-statement-president-donald-j-trump-and-prime-minister-shinzo-abe
2017-02-14,14:46:09,https://www.whitehouse.gov/briefing-room/statements-and-releases?term_node_tid_depth=41
2017-02-14,14:46:09,https://www.whitehouse.gov/briefing-room/statements-and-releases?term_node_tid_depth=41&page=2
2017-02-14,14:46:09,https://www.whitehouse.gov/the-press-office/2017/01/27/executive-order-protecting-nation-foreign-terrorist-entry-united-states
2017-02-14,14:46:10,https://www.whitehouse.gov/the-press-office/2017/01/25/executive-order-border-security-and-immigration-enforcement-improvements
2017-02-14,14:46:10,https://www.whitehouse.gov/the-press-office/2017/01/25/presidential-executive-order-enhancing-public-safety-interior-united
2017-02-14,14:46:10,https://www.whitehouse.gov/briefing-room/presidential-actions/executive-orders?term_node_tid_depth=51&page=1
2017-02-14,14:46:10,https://www.whitehouse.gov/the-press-office/2017/01/28/plan-defeat-islamic-state-iraq
2017-02-14,14:46:10,https://www.whitehouse.gov/the-press-office/2017/01/27/presidential-memorandum-rebuilding-us-armed-forces
2017-02-14,14:46:10,https://www.whitehouse.gov/the-press-office/2017/01/24/presidential-memorandum-streamlining-permitting-and-reducing-regulatory
2017-02-14,14:46:10,https://www.whitehouse.gov/the-press-office/2017/01/24/presidential-memorandum-regarding-construction-american-pipelines
2017-02-14,14:46:10,https://www.whitehouse.gov/the-press-office/2017/01/24/presidential-memorandum-regarding-construction-keystone-xl-pipeline
2017-02-14,14:46:10,https://www.whitehouse.gov/the-press-office/2017/01/24/presidential-memorandum-regarding-construction-dakota-access-pipeline
2017-02-14,14:46:10,https://www.whitehouse.gov/the-press-office/2017/01/23/presidential-memorandum-regarding-mexico-city-policy
2017-02-14,14:46:10,https://www.whitehouse.gov/the-press-office/2017/01/23/presidential-memorandum-regarding-withdrawal-united-states-trans-pacific
2017-02-14,14:46:11,https://www.whitehouse.gov/briefing-room/presidential-actions/presidential-memoranda?term_node_tid_depth=56&page=1
2017-02-14,14:46:11,https://www.whitehouse.gov/the-press-office/2017/01/26/president-trump-releases-national-school-choice-week-proclamation
2017-02-14,14:46:11,https://www.whitehouse.gov/the-press-office/2017/02/07/hjr-58-disapproving-rule-submitted-department-education-relating-teacher
2017-02-14,14:46:11,https://www.whitehouse.gov/the-press-office/2017/02/07/hjr-57-disapproving-rule-submitted-department-education-relating
2017-02-14,14:46:11,https://www.whitehouse.gov/the-press-office/2017/02/07/hjr-44-disapproving-rule-submitted-department-interior-relating-bureau
2017-02-14,14:46:11,https://www.whitehouse.gov/the-press-office/2017/02/07/hjr-42-disapproving-rule-submitted-department-labor-relating-drug
2017-02-14,14:46:11,https://www.whitehouse.gov/the-press-office/2017/02/07/budgetary-impact-analysis-executive-order-entitled-core-principles
2017-02-14,14:46:11,https://www.whitehouse.gov/the-press-office/2017/02/02/interim-guidance-implementing-section-2-executive-order-january-30-2017
2017-02-14,14:46:11,https://www.whitehouse.gov/briefing-room/presidential-actions/related-omb-material?term_node_tid_depth=25611&page=1
2017-02-14,14:46:11,https://www.whitehouse.gov/the-press-office/2017/01/24/executive-order-expediting-environmental-reviews-and-approvals-high
2017-02-14,14:46:11,https://www.whitehouse.gov/briefing-room/presidential-actions?term_node_tid_depth=46
2017-02-14,14:46:11,https://www.whitehouse.gov/briefing-room/presidential-actions?term_node_tid_depth=46&page=2
2017-02-14,14:46:12,https://www.whitehouse.gov/sites/whitehouse.gov/files/images/robert_accordino.jpg
2017-02-14,14:46:12,https://www.whitehouse.gov/sites/whitehouse.gov/files/images/Raven_Website.jpeg
2017-02-14,14:46:12,https://www.whitehouse.gov/sites/whitehouse.gov/files/images/linden_dahlkemper.jpg
2017-02-14,14:46:12,https://www.whitehouse.gov/sites/whitehouse.gov/files/images/sharice_davids.jpg
2017-02-14,14:46:12,https://www.whitehouse.gov/sites/whitehouse.gov/files/images/lloyd_edwards.jpg
2017-02-14,14:46:12,https://www.whitehouse.gov/sites/whitehouse.gov/files/images/timothy_gatlin.jpg
2017-02-14,14:46:12,https://www.whitehouse.gov/sites/whitehouse.gov/files/images/erik_iverson.jpg
2017-02-14,14:46:12,https://www.whitehouse.gov/sites/whitehouse.gov/files/images/joseph_mcGeehin.jpg
2017-02-14,14:46:12,https://www.whitehouse.gov/sites/whitehouse.gov/files/images/michael_morales.jpg
2017-02-14,14:46:12,https://www.whitehouse.gov/sites/whitehouse.gov/files/images/warren_morgan.jpg
2017-02-14,14:46:12,https://www.whitehouse.gov/sites/whitehouse.gov/files/images/austin_ramirez.jpg
2017-02-14,14:46:12,https://www.whitehouse.gov/sites/whitehouse.gov/files/images/Lindsey_B_Ross.jpg
2017-02-14,14:46:12,https://www.whitehouse.gov/sites/whitehouse.gov/files/images/kyle_scherer.jpg
2017-02-14,14:46:12,https://www.whitehouse.gov/sites/whitehouse.gov/files/images/tina_r_shah.jpg
2017-02-14,14:46:12,https://www.whitehouse.gov/sites/whitehouse.gov/files/images/anjali_tripathi.jpg
2017-02-14,14:46:12,https://www.whitehouse.gov/sites/whitehouse.gov/files/images/bryant_cameron_webb.jpg
2017-02-14,14:46:13,https://www.whitehouse.gov/participate/fellows/process
2017-02-14,14:46:13,https://www.whitehouse.gov/sites/whitehouse.gov/files/images/first-family/01_george_washington%5B1%5D.jpg
2017-02-14,14:46:13,https://www.whitehouse.gov/sites/whitehouse.gov/files/images/first-family/02_john_adams%5B1%5D.jpg
2017-02-14,14:46:13,https://www.whitehouse.gov/sites/whitehouse.gov/files/images/first-family/03_thomas_jefferson.jpg
2017-02-14,14:46:13,https://www.whitehouse.gov/sites/whitehouse.gov/files/images/first-family/04_james_madison.jpg
2017-02-14,14:46:13,https://www.whitehouse.gov/sites/whitehouse.gov/files/images/first-family/05_james_monroe.jpg
2017-02-14,14:46:13,https://www.whitehouse.gov/1600/first-ladies/elizabethmonroe
2017-02-14,14:46:13,https://www.whitehouse.gov/sites/whitehouse.gov/files/images/first-family/06_john_quincy_adams.jpg
2017-02-14,14:46:13,https://www.whitehouse.gov/sites/whitehouse.gov/files/images/first-family/07_andrew_jackson%5B1%5D.jpg
2017-02-14,14:46:13,https://www.whitehouse.gov/sites/whitehouse.gov/files/images/first-family/08_martin_van_buren.jpg
2017-02-14,14:46:13,https://www.whitehouse.gov/sites/whitehouse.gov/files/images/first-family/09_william_henry_harrison.jpg
2017-02-14,14:46:13,https://www.whitehouse.gov/sites/whitehouse.gov/files/images/first-family/10_john_tyler.jpg
2017-02-14,14:46:13,https://www.whitehouse.gov/1600/first-ladies/letitiatyler/
2017-02-14,14:46:13,https://www.whitehouse.gov/sites/whitehouse.gov/files/images/first-family/11_james_polk.jpg
2017-02-14,14:46:13,https://www.whitehouse.gov/sites/whitehouse.gov/files/images/first-family/12_zachary_taylor.jpg
2017-02-14,14:46:13,https://www.whitehouse.gov/sites/whitehouse.gov/files/images/first-family/13_millard_fillmore.jpg
2017-02-14,14:46:14,https://www.whitehouse.gov/sites/whitehouse.gov/files/images/first-family/14_franklin_pierce.jpg
2017-02-14,14:46:14,https://www.whitehouse.gov/sites/whitehouse.gov/files/images/first-family/15_james_buchanan.jpg
2017-02-14,14:46:14,https://www.whitehouse.gov/sites/whitehouse.gov/files/images/first-family/16_abraham_lincoln%5B1%5D.jpg
2017-02-14,14:46:14,https://www.whitehouse.gov/sites/whitehouse.gov/files/images/first-family/17_andrew_johnson%5B1%5D.jpg
2017-02-14,14:46:14,https://www.whitehouse.gov/sites/whitehouse.gov/files/images/first-family/18_ulysses_s_grant.jpg
2017-02-14,14:46:14,https://www.whitehouse.gov/sites/whitehouse.gov/files/images/first-family/19_rutherford_b_hayes.jpg
2017-02-14,14:46:14,https://www.whitehouse.gov/sites/whitehouse.gov/files/images/first-family/20_james_a_garfield.jpg
2017-02-14,14:46:14,https://www.whitehouse.gov/sites/whitehouse.gov/files/images/first-family/21_chester_alan_arthur.jpg
2017-02-14,14:46:14,https://www.whitehouse.gov/sites/whitehouse.gov/files/images/first-family/22_grover_cleveland.jpg
2017-02-14,14:46:14,https://www.whitehouse.gov/sites/whitehouse.gov/files/images/first-family/23_benjamin_harrison%5B1%5D.jpg
2017-02-14,14:46:14,https://www.whitehouse.gov/sites/whitehouse.gov/files/images/first-family/24_grover_cleveland.jpg
2017-02-14,14:46:14,https://www.whitehouse.gov/sites/whitehouse.gov/files/images/first-family/25_william_mckinley.jpg
2017-02-14,14:46:14,https://www.whitehouse.gov/sites/whitehouse.gov/files/images/first-family/26_theodore_roosevelt.jpg
2017-02-14,14:46:14,https://www.whitehouse.gov/sites/whitehouse.gov/files/images/first-family/27_william_howard_h_taft.jpg
2017-02-14,14:46:14,https://www.whitehouse.gov/sites/whitehouse.gov/files/images/first-family/28_woodrow_wilson.jpg
2017-02-14,14:46:14,https://www.whitehouse.gov/sites/whitehouse.gov/files/images/first-family/29_warren_g_harding.jpg
2017-02-14,14:46:14,https://www.whitehouse.gov/sites/whitehouse.gov/files/images/first-family/30_calvin_coolidge.jpg
2017-02-14,14:46:14,https://obamawhitehouse.archives.gov/blog/2011/04/18/president-obama-invites-you-his-facebook-town-hall
2017-02-14,14:46:14,https://obamawhitehouse.archives.gov/blog/2011/09/26/president-obamas-town-hall-linkedin-we-are-thing-together
2017-02-14,14:46:15,https://obamawhitehouse.archives.gov/the-press-office/2011/09/20/president-obama-participate-linkedin-town-hall-mountain-view-california-
2017-02-14,14:46:15,https://www.whitehouse.gov/sites/whitehouse.gov/files/images/first-family/31_herbert_hoover.jpg
2017-02-14,14:46:15,https://www.whitehouse.gov/administration/first-lady-melania-trump
2017-02-14,14:46:15,https://obamawhitehouse.archives.gov/joiningforces
2017-02-14,14:46:15,https://www.whitehouse.gov/sites/whitehouse.gov/files/images/first-family/32_franklin_d_roosevelt.jpg
2017-02-14,14:46:16,https://obamawhitehouse.archives.gov/blog/2011/03/07/social-security-101-it-s-there-you
2017-02-14,14:46:16,https://www.whitehouse.gov/sites/whitehouse.gov/files/images/first-family/33_harry_s_truman.jpg
2017-02-14,14:46:16,https://www.whitehouse.gov/sites/whitehouse.gov/files/images/first-family/34_dwight_d_eisenhower%5B1%5D.jpg
2017-02-14,14:46:16,https://www.whitehouse.gov/sites/whitehouse.gov/files/images/first-family/35_john_f_kennedy.jpg
2017-02-14,14:46:16,https://obamawhitehouse.archives.gov/blog/2011/03/29/peace-corps-reflects-diversity-america-story-celebrating-service
2017-02-14,14:46:16,https://obamawhitehouse.archives.gov/the-press-office/2011/02/28/presidential-proclamation-50th-anniversary-peace-corps
2017-02-14,14:46:16,https://www.whitehouse.gov/sites/whitehouse.gov/files/images/first-family/36_lyndon_b_johnson.jpg
2017-02-14,14:46:16,https://obamawhitehouse.archives.gov/blog/2012/02/29/making-medicare-stronger
2017-02-14,14:46:16,https://www.whitehouse.gov/sites/whitehouse.gov/files/images/first-family/37_richard_m_nixon.jpg
2017-02-14,14:46:16,https://obamawhitehouse.archives.gov/blog/2011/11/16/ambassador-kirk-updates-presidents-export-council-2011-trade-updates-and-initiatives
2017-02-14,14:46:16,https://www.whitehouse.gov/sites/whitehouse.gov/files/images/first-family/38_gerald_ford.jpg
2017-02-14,14:46:16,https://www.whitehouse.gov/sites/whitehouse.gov/files/images/first-family/39_jimmy_carter.jpg
2017-02-14,14:46:16,https://obamawhitehouse.archives.gov/blog/2012/03/12/blueprint-secure-energy-future-one-year-progress-report
2017-02-14,14:46:17,https://www.whitehouse.gov/sites/whitehouse.gov/files/images/first-family/40_ronald_reagan.jpg
2017-02-14,14:46:17,https://obamawhitehouse.archives.gov/blog/2012/01/13/archives-president-reagan-designates-martin-luther-king-jr-day-federal-holiday
2017-02-14,14:46:18,https://obamawhitehouse.archives.gov/blog/2012/01/16/first-and-second-families-participate-national-day-service
2017-02-14,14:46:18,https://www.whitehouse.gov/sites/whitehouse.gov/files/images/first-family/41_george_h_w_bush.jpg
2017-02-14,14:46:19,https://www.whitehouse.gov/sites/whitehouse.gov/files/images/first-family/42_bill_clinton.jpg
2017-02-14,14:46:19,https://obamawhitehouse.archives.gov/the-press-office/2011/09/21/remarks-president-obama-and-president-clinton-clinton-global-initiative
2017-02-14,14:46:19,https://obamawhitehouse.archives.gov/blog/2011/12/02/president-obama-announces-4-billion-investment-make-buildings-more-energy-efficient
2017-02-14,14:46:19,https://obamawhitehouse.archives.gov/blog/2010/01/16/clinton-bush-haiti-fund
2017-02-14,14:46:20,https://www.whitehouse.gov/sites/whitehouse.gov/files/images/first-family/43_george_w_bush.jpg
2017-02-14,14:46:20,https://www.whitehouse.gov/sites/whitehouse.gov/files/images/first-family/44_barack_obama%5B1%5D.jpg
2017-02-14,14:46:32,https://www.whitehouse.gov/sites/whitehouse.gov/files/images/Administration/People/first_lady_portrait_hires.jpg
2017-02-14,14:46:32,https://www.whitehouse.gov/sites/whitehouse.gov/files/images/Administration/People/first_lady_portrait_2013_lores.jpg
2017-02-14,14:46:32,https://www.whitehouse.gov/sites/whitehouse.gov/files/images/Administration/People/MichelleObama_and_Bo.jpg
2017-02-14,14:46:32,https://www.whitehouse.gov/file/31
2017-02-14,14:46:32,https://www.whitehouse.gov/sites/whitehouse.gov/files/wh_live_topper_x2_2.png
2017-02-14,14:46:33,https://www.whitehouse.gov/live/press-briefing-press-secretary-sean-spicer-6
2017-02-14,14:46:33,https://www.whitehouse.gov/live/vice-president-pence-participates-swearing-sec-veterans-affairs-dr-shulkin
2017-02-14,14:46:33,https://www.whitehouse.gov/sites/whitehouse.gov/files/advagg_js/js__ZDHOq0kjlYzjDIDwPzC6jd_ipeXEcRIvJ5JybfukGjo__lviWoka4ZX6eU6qSCEWxJrh4CEgJa7wWxI5vXfufNYE__yN1o6etD_FB5RFrt4f9rEo5hyCEX7z1qfNw5Yg899Cg.js
2017-02-14,14:46:33,https://www.whitehouse.gov/the-press-office/2017/01/30/budgetary-impact-analysis-executive-order-entitled-protecting-nation
2017-02-14,14:46:34,https://www.whitehouse.gov/the-press-office/2017/01/30/budgetary-impact-analysis-executive-order-entitled-ethics-commitments
2017-02-14,14:46:34,https://www.whitehouse.gov/the-press-office/2017/01/26/statement-acting-omb-director-mark-sandy-budgetary-impact-analysis-high-priority
2017-02-14,14:46:34,https://www.whitehouse.gov/the-press-office/2017/01/26/statement-acting-omb-director-mark-sandy-budgetary-impact-analysis-enforcement-improvements
2017-02-14,14:46:34,https://www.whitehouse.gov/the-press-office/2017/01/26/statement-acting-omb-director-mark-sandy-budgetary-impact-analysis-public-saftey
2017-02-14,14:46:34,https://www.whitehouse.gov/the-press-office/2017/01/26/statement-acting-omb-director-sandy-budgetary-impact-analysis-executive-order
2017-02-14,14:46:34,https://www.whitehouse.gov/the-press-office/2017/01/31/federal-civilian-hiring-freeze-guidance
2017-02-14,14:46:34,https://www.whitehouse.gov/the-press-office/2017/01/25/omb-memorandum-immediate-actions-and-initial-guidance-federal-civilian
2017-02-14,14:46:34,https://www.whitehouse.gov/the-press-office/2017/01/24/implementation-regulatory-freeze
2017-02-14,14:46:34,https://www.whitehouse.gov/the-press-office/2017/02/01/statement-administration-policy
2017-02-14,14:46:34,https://www.whitehouse.gov/the-press-office/2017/01/24/h-r-7-%E2%80%93-no-taxpayer-funding-abortion-and-abortion-insurance-full
2017-02-14,14:46:34,https://www.whitehouse.gov/blog/2017/02/10/honoring-our-nations-heroes-west-point
2017-02-14,14:46:35,https://www.whitehouse.gov/the-press-office/2017/02/09/readout-presidents-call-president-xi-jinping-china
2017-02-14,14:46:35,https://www.whitehouse.gov/the-press-office/2017/02/09/readout-presidents-call-president-ghani-islamic-republic-afghanistan
2017-02-14,14:46:35,https://www.whitehouse.gov/blog?page=3
2017-02-14,14:46:35,https://www.whitehouse.gov/videos/2017/February/20170206_President_Trump_Speaks_to_Coalition_Reps_and_Senior_Commanders_HD.mp4
2017-02-14,14:46:35,https://www.whitehouse.gov/videos/2017/February/20170206_President_Trump_Speaks_to_Coalition_Reps_and_Senior_Commanders.mp3
2017-02-14,14:46:35,https://www.whitehouse.gov/videos/2017/February/20170203_Press_Briefing_HD.mp4
2017-02-14,14:46:35,https://www.whitehouse.gov/videos/2017/February/20170203_Press_Briefing.mp3
2017-02-14,14:46:35,https://www.whitehouse.gov/videos/2017/February/20170203_Weekly_Address_HD.mp4
2017-02-14,14:46:35,https://www.whitehouse.gov/videos/2017/February/20170203_Weekly_Address.mp3
2017-02-14,14:46:35,https://www.whitehouse.gov/videos/2017/February/20170202_Press_Brifing_HD.mp4
2017-02-14,14:46:35,https://www.whitehouse.gov/videos/2017/February/20170202_Press_Brifing.mp3
2017-02-14,14:46:35,https://www.whitehouse.gov/videos/2017/February/20170201_Press_Briefing_HD.mp4
2017-02-14,14:46:35,https://www.whitehouse.gov/videos/2017/February/20170201_Press_Briefing.mp3
2017-02-14,14:46:35,https://www.whitehouse.gov/videos/2017/February/20170201_POTUS_Swearing_In_Tillerson_HD.mp4
2017-02-14,14:46:35,https://www.whitehouse.gov/videos/2017/February/20170201_POTUS_Swearing_In_Tillerson.mp3
2017-02-14,14:46:35,https://www.whitehouse.gov/videos/2017/January/20170131_Press_Briefing_HD.mp4
2017-02-14,14:46:35,https://www.whitehouse.gov/videos/2017/January/20170131_Press_Briefing.mp3
2017-02-14,14:46:37,https://www.whitehouse.gov/videos/2017/January/20170131_President_Trump_Supreme_Court_Nominee_HD.mp4
2017-02-14,14:46:37,https://www.whitehouse.gov/videos/2017/January/20170130_Press_Briefing_HD.mp4
2017-02-14,14:46:37,https://www.whitehouse.gov/videos/2017/January/20170130_Press_Briefing.mp3
2017-02-14,14:46:38,https://www.whitehouse.gov/featured-videos/video/2017/02/08/2817-white-house-press-briefing
2017-02-14,14:46:38,https://www.whitehouse.gov/featured-videos/video/2017/02/08/president-trump-speaks-mcca-winter-conference
2017-02-14,14:46:38,https://www.whitehouse.gov/featured-videos/video/2017/02/07/2717-white-house-press-briefing
2017-02-14,14:46:38,https://www.whitehouse.gov/featured-videos/video/2017/02/07/vice-president-pence-holds-swearing-ceremony-education-secretary
2017-02-14,14:46:38,https://www.whitehouse.gov/featured-videos?topic=All&year[value]=&page=1
2017-02-14,14:46:38,https://www.whitehouse.gov/featured-videos/video/2017/01/28/weekly-address
2017-02-14,14:46:38,https://www.whitehouse.gov/featured-videos/video/2017/01/27/president-trump-and-pm-may-joint-press-conference
2017-02-14,14:46:38,https://www.whitehouse.gov/featured-videos/video/2017/01/27/swearing-sec-defense-general-mattis
2017-02-14,14:46:38,https://www.whitehouse.gov/featured-videos/video/2017/01/20/inauguration-45th-president-united-states
2017-02-14,14:46:38,https://www.whitehouse.gov/the-press-office/2017/02/02/remarks-president-trump-national-prayer-breakfast
2017-02-14,14:46:39,https://www.whitehouse.gov/the-press-office/2017/02/01/remarks-president-trump-and-vice-president-pence-swearing-ceremony
2017-02-14,14:46:39,https://www.whitehouse.gov/the-press-office/2017/02/01/remarks-president-trump-meeting-scotus-groups
2017-02-14,14:46:39,https://www.whitehouse.gov/the-press-office/2017/02/01/remarks-president-trump-african-american-history-month-listening-session
2017-02-14,14:46:39,https://www.whitehouse.gov/the-press-office/2017/01/31/remarks-vice-president-pence-delivered-swearing-ceremony-transportation
2017-02-14,14:46:39,https://www.whitehouse.gov/the-press-office/2017/01/28/president-trumps-first-weekly-address
2017-02-14,14:46:39,https://www.whitehouse.gov/the-press-office/2017/01/27/president-trump-and-prime-minister-mays-opening-remarks
2017-02-14,14:46:39,https://www.whitehouse.gov/the-press-office/2017/01/27/march-life-remarks-vice-president-pence-prepared-delivery
2017-02-14,14:46:39,https://www.whitehouse.gov/the-press-office/2017/01/21/remarks-president-trump-and-vice-president-pence-cia-headquarters
2017-02-14,14:46:39,https://www.whitehouse.gov/inaugural-address
2017-02-14,14:46:39,https://www.whitehouse.gov/the-press-office/2017/02/08/statement-press-secretary
2017-02-14,14:46:39,https://www.whitehouse.gov/the-press-office/2017/02/08/first-lady-melania-trump-announces-appointment-anna-christina-niceta
2017-02-14,14:46:39,https://www.whitehouse.gov/the-press-office/2017/02/08/icymi-cnbc-ceo-confidence-near-record-high-why-trumps-war-regulation
2017-02-14,14:46:39,https://www.whitehouse.gov/the-press-office/2017/02/08/president-donald-j-trump-announces-his-cabinet
2017-02-14,14:46:39,https://www.whitehouse.gov/the-press-office/2017/02/07/readout-presidents-call-prime-minister-mariano-rajoy-spain
2017-02-14,14:46:40,https://www.whitehouse.gov/the-press-office/2017/02/07/readout-vice-presidents-meeting-right-try-advocates
2017-02-14,14:46:40,https://www.whitehouse.gov/the-press-office/2017/02/07/readout-presidents-call-president-recep-tayyip-erdo%C4%9Fan-turkey
2017-02-14,14:46:40,https://www.whitehouse.gov/the-press-office/2017/02/07/white-house-director-legislative-affairs-announces-legislative-affairs
2017-02-14,14:46:40,https://www.whitehouse.gov/briefing-room/statements-and-releases?term_node_tid_depth=41&page=3
2017-02-14,14:46:40,https://www.whitehouse.gov/the-press-office/2017/01/2/executive-order-minimizing-economic-burden-patient-protection-and
2017-02-14,14:46:40,https://www.whitehouse.gov/briefing-room/presidential-actions/executive-orders?term_node_tid_depth=51
2017-02-14,14:46:40,https://www.whitehouse.gov/the-press-office/2017/01/23/presidential-memorandum-regarding-hiring-freeze
2017-02-14,14:46:40,https://www.whitehouse.gov/the-press-office/2017/01/20/memorandum-heads-executive-departments-and-agencies
2017-02-14,14:46:40,https://www.whitehouse.gov/briefing-room/presidential-actions/presidential-memoranda?term_node_tid_depth=56
2017-02-14,14:46:40,https://www.whitehouse.gov/sites/whitehouse.gov/files/briefing-room/presidential-actions/related-omb-material/saphjr42h_20170207.pdf
2017-02-14,14:46:40,https://www.whitehouse.gov/sites/whitehouse.gov/files/briefing-room/presidential-actions/related-omb-material/saphjr44h_20170207.pdf
2017-02-14,14:46:40,https://www.whitehouse.gov/sites/whitehouse.gov/files/briefing-room/presidential-actions/related-omb-material/saphjr57h_20170207.pdf
2017-02-14,14:46:40,https://www.whitehouse.gov/sites/whitehouse.gov/files/briefing-room/presidential-actions/related-omb-material/saphjr58h_20170207.pdf
2017-02-14,14:46:40,https://www.whitehouse.gov/sites/whitehouse.gov/files/briefing-room/presidential-actions/related-omb-material/budgetary_impact_analysis_eo_core_principles_regulating_us_financial_sys.pdf
2017-02-14,14:46:40,https://www.whitehouse.gov/sites/whitehouse.gov/files/briefing-room/presidential-actions/related-omb-material/eo_iterim_guidance_reducing_regulations_controlling_regulatory_costs.pdf
2017-02-14,14:46:40,https://www.whitehouse.gov/briefing-room/presidential-actions/related-omb-material?term_node_tid_depth=25611
2017-02-14,14:46:40,https://www.whitehouse.gov/sites/whitehouse.gov/files/advagg_css/css__7OFuHD9Wj4uPqfAZnoU5kUMMCbaVJa10cw0_ZYqDLdg__F5oCUsauurUENdO2lnmlkxBNRmHMcU9kY2qHjwdf6MM__yN1o6etD_FB5RFrt4f9rEo5hyCEX7z1qfNw5Yg899Cg.css
2017-02-14,14:46:40,https://www.whitehouse.gov/sites/whitehouse.gov/files/advagg_css/css__lzZ2zjbzK4q0Pnw0-usHcHJ_xS0x7ZJqNR0Ke4LTsLw__764MmGUseC9rOb9D6QTWVI0VJcoAmPnWE5DRLKUQhdk__yN1o6etD_FB5RFrt4f9rEo5hyCEX7z1qfNw5Yg899Cg.css
2017-02-14,14:46:40,https://www.whitehouse.gov/sites/whitehouse.gov/files/advagg_js/js__qLfCUAWG31UpurJNilRO0tHzmcQzRNX0MYFiRpKTU_I__BOo4FjmUTpxhCON_r41SSbxepcGVtTvcCLdNs_OyW7I__yN1o6etD_FB5RFrt4f9rEo5hyCEX7z1qfNw5Yg899Cg.js
2017-02-14,14:46:40,https://www.whitehouse.gov/sites/whitehouse.gov/files/advagg_js/js__brd6ghaeXA7OouzB9gxttssNfs_in4uyKLhYb1T92Q4__jnZ5AdEwwalZzheuDaBlQNVq5uYqq-pCfOPe4-AbpaE__yN1o6etD_FB5RFrt4f9rEo5hyCEX7z1qfNw5Yg899Cg.js
2017-02-14,14:46:40,https://www.whitehouse.gov/sites/whitehouse.gov/files/docs/budgetary_impact_analysis_eo_protecting_nation_from_foreign_terrorist_entry_into_us.pdf
2017-02-14,14:46:40,https://www.whitehouse.gov/sites/whitehouse.gov/files/docs/budgetary_impact_analysis_eo_ethics_commitments_executive_branch_appointees.pdf
2017-02-14,14:46:40,https://www.whitehouse.gov/sites/whitehouse.gov/files/images/Budgetary_Impact_Analysis_for_Executive_Order_Entitled_Expediting.pdf
2017-02-14,14:46:40,https://www.whitehouse.gov/sites/whitehouse.gov/files/images/Budgetary_Impact_Analysis_for_EO_Entitled_Border_Security_and_Immigration_Enforcement_Improvements.pdf
2017-02-14,14:46:40,https://www.whitehouse.gov/sites/whitehouse.gov/files/images/Budgetary_Impact_Analysis_for_Executive_Order_Entitled_Enhancing_Public.pdf
2017-02-14,14:46:40,https://www.whitehouse.gov/sites/whitehouse.gov/files/docs/omb-statement-01262017.pdf
2017-02-14,14:46:40,https://www.whitehouse.gov/sites/whitehouse.gov/files/images/M-17-18-Federal-Civilian-Hiring-Freeze.pdf
2017-02-14,14:46:41,https://www.whitehouse.gov/sites/whitehouse.gov/files/docs/m-17-17.pdf
2017-02-14,14:46:41,https://www.whitehouse.gov/sites/whitehouse.gov/files/docs/m-17-16.pdf
2017-02-14,14:46:41,https://www.whitehouse.gov/sites/whitehouse.gov/files/briefing-room/presidential-actions/related-omb-material/saps-2-1-17.pdf
2017-02-14,14:46:41,https://www.whitehouse.gov/sites/whitehouse.gov/files/docs/sap-hr7-01242017.pdf
2017-02-14,14:46:41,https://www.whitehouse.gov/blog/2017/02/09/president-trump-signs-pro-law-enforcement-and-anti-crime-executive-orders
2017-02-14,14:46:41,https://www.whitehouse.gov/blog?page=4
2017-02-14,14:46:41,https://www.whitehouse.gov/videos/2017/February/20170208_Press_Briefing_EDIT_HD.mp4
2017-02-14,14:46:41,https://www.whitehouse.gov/videos/2017/February/20170208_Press_Briefing_EDIT.mp3
2017-02-14,14:46:41,https://www.whitehouse.gov/videos/2017/February/20170208_President_Trump_at_MCCA_Winter_Conference_EDIT_HD.mp4
2017-02-14,14:46:41,https://www.whitehouse.gov/videos/2017/February/20170208_President_Trump_at_MCCA_Winter_Conference_EDIT.mp3
2017-02-14,14:46:41,https://www.whitehouse.gov/videos/2017/February/20170207_Press_Briefing_HD.mp4
2017-02-14,14:46:41,https://www.whitehouse.gov/videos/2017/February/20170207_Press_Briefing.mp3
2017-02-14,14:46:41,https://www.whitehouse.gov/videos/2017/February/20170207_VP_Swearing-in_for_Education_Secretary_Betsy_DeVos_HD.mp4
2017-02-14,14:46:41,https://www.whitehouse.gov/videos/2017/February/20170207_VP_Swearing-in_for_Education_Secretary_Betsy_DeVos.mp3
2017-02-14,14:46:41,https://www.whitehouse.gov/videos/2017/January/20170128_Weekly_Address_HD.mp4
2017-02-14,14:46:41,https://www.whitehouse.gov/videos/2017/January/20170128_Weekly_Address.mp3
2017-02-14,14:46:41,https://www.whitehouse.gov/videos/2017/January/20170127_POTUS_and_PM_May_JPA_HD.mp4
2017-02-14,14:46:41,https://www.whitehouse.gov/videos/2017/January/20170127_POTUS_and_PM_May_JPA.mp3
2017-02-14,14:46:41,https://www.whitehouse.gov/videos/2017/January/20170127_Trump_attends_Swearing_in_of_Sec_Def_Mattis_and_executive_signing_HD.mp4
2017-02-14,14:46:41,https://www.whitehouse.gov/videos/2017/January/20170127_Trump_attends_Swearing_in_of_Sec_Def_Mattis_and_executive_signing.mp3
2017-02-14,14:46:41,https://www.whitehouse.gov/videos/2017/January/20170120_The_Inauguration_of_the_45th_President_of_the_United_States_HD.mp4
2017-02-14,14:46:41,https://www.whitehouse.gov/videos/2017/January/20170120_The_Inauguration_of_the_45th_President_of_the_United_States.mp3
2017-02-14,14:46:41,https://www.whitehouse.gov/sites/whitehouse.gov/files/images/ceremony-elainechao1.jpg
2017-02-14,14:46:42,https://www.whitehouse.gov/sites/whitehouse.gov/files/images/ceremony-elainechao2.jpg
2017-02-14,14:46:42,https://www.whitehouse.gov/sites/whitehouse.gov/files/images/VP-Right-Try-Advocate-Jordan.jpg
2017-02-14,14:46:44,https://www.whitehouse.gov/the-press-office/2017/02/07/second-lady-announces-kristan-king-nevins-chief-staff
2017-02-14,14:46:45,https://www.whitehouse.gov/the-press-office/2017/02/07/case-you-missed-it-mcclatchy-historical-precedent-presidents-national
2017-02-14,14:46:45,https://www.whitehouse.gov/the-press-office/2017/02/06/president-trump-announces-presidential-delegation-republic-haiti-attend
2017-02-14,14:46:45,https://www.whitehouse.gov/the-press-office/2017/02/05/radio-interview-president-trump-jim-gray-westwood-one-sports-radio
2017-02-14,14:46:45,https://www.whitehouse.gov/the-press-office/2017/02/05/readout-presidents-call-prime-minister-bill-english-new-zealand
2017-02-14,14:46:45,https://www.whitehouse.gov/the-press-office/2017/02/05/readout-presidents-call-nato-secretary-general-jens-stoltenberg
2017-02-14,14:46:45,https://www.whitehouse.gov/the-press-office/2017/02/56/top-highlights-sundays-shows
2017-02-14,14:46:45,https://www.whitehouse.gov/the-press-office/2017/02/04/readout-presidents-call-president-petro-poroshenko-ukraine
2017-02-14,14:46:45,https://www.whitehouse.gov/the-press-office/2017/02/04/readout-presidents-call-prime-minister-paolo-gentiloni-italy
2017-02-14,14:46:45,https://www.whitehouse.gov/the-press-office/2017/02/04/promise-make-america-safe-again
2017-02-14,14:46:45,https://www.whitehouse.gov/briefing-room/statements-and-releases?term_node_tid_depth=41&page=4
2017-02-14,14:46:46,https://www.whitehouse.gov/blog/2017/02/08/widespread-support-judge-neil-gorsuch
2017-02-14,14:46:46,https://www.whitehouse.gov/blog/2017/02/08/president-trump-getting-america-back-work
2017-02-14,14:46:46,https://www.whitehouse.gov/blog/2017/02/08/judge-neil-gorsuch-right-choice-supreme-court
2017-02-14,14:46:46,https://www.whitehouse.gov/blog/2017/02/08/trumps-war-regulation-results-near-record-high-ceo-confidence
2017-02-14,14:46:46,https://www.whitehouse.gov/blog?page=5
2017-02-14,14:46:46,https://www.whitehouse.gov/the-press-office/2017/02/04/president-trumps-second-week-action
2017-02-14,14:46:46,https://www.whitehouse.gov/the-press-office/2017/02/04/getting-americans-back-work
2017-02-14,14:46:46,https://www.whitehouse.gov/the-press-office/2017/02/03/statement-press-secretary
2017-02-14,14:46:46,https://www.whitehouse.gov/the-press-office/2017/02/03/statement-national-security-advisor-michael-t-flynn-iran
2017-02-14,14:46:47,https://www.whitehouse.gov/the-press-office/2017/02/03/president-donald-j-trump-recognizes-national-catholic-schools-week
2017-02-14,14:46:47,https://www.whitehouse.gov/the-press-office/2017/02/02/statement-press-secretary
2017-02-14,14:46:47,https://www.whitehouse.gov/the-press-office/2017/02/02/readout-vice-presidents-meeting-german-vice-chancellor-and-minister
2017-02-14,14:46:47,https://www.whitehouse.gov/the-press-office/2017/02/02/readout-presidents-meeting-king-abdullah-ii-jordan
2017-02-14,14:46:47,https://www.whitehouse.gov/the-press-office/2017/02/02/president-donald-j-trump-proclaims-february-national-african-american
2017-02-14,14:46:47,https://www.whitehouse.gov/the-press-office/2017/02/02/white-house-national-security-advisor-announces-nsc-senior-staff-0
2017-02-14,14:46:47,https://www.whitehouse.gov/briefing-room/statements-and-releases?term_node_tid_depth=41&page=5
2017-02-14,14:46:47,https://www.whitehouse.gov/sites/whitehouse.gov/files/images/20170208_GOV_SCOTUS_gorsuch_twitter_nominated.png
2017-02-14,14:46:47,https://www.whitehouse.gov/sites/whitehouse.gov/files/images/20170208_ECN_jobs_twitter_getting-americans-back-to-work.png
2017-02-14,14:46:47,https://www.whitehouse.gov/sites/whitehouse.gov/files/images/20170208_GOV_SCOTUS_gorsuch_twitter_consensus_0.png
2017-02-14,14:46:47,https://www.whitehouse.gov/sites/whitehouse.gov/files/images/20170207_ECN_jobs_twitter_cnbc-confidence.png
2017-02-14,14:46:47,https://www.whitehouse.gov/blog/2017/02/07/vice-president-pence-casts-historic-vote-confirm-betsy-devos
2017-02-14,14:46:47,https://www.whitehouse.gov/blog?page=6
2017-02-14,14:46:47,https://www.whitehouse.gov/sites/whitehouse.gov/files/images/Vice_President_Pence_Meeting_with_Minister_Gabriel.jpg
2017-02-14,14:46:47,https://www.whitehouse.gov/the-press-office/2017/02/01/first-lady-melania-trump-announces-chief-staff
2017-02-14,14:46:48,https://www.whitehouse.gov/the-press-office/2017/02/01/vice-president-mike-pence-announces-jarrod-agen-director-communications
2017-02-14,14:46:48,https://www.whitehouse.gov/the-press-office/2017/02/01/president-trump-approves-south-dakota-disaster-declaration
2017-02-14,14:46:48,https://www.whitehouse.gov/the-press-office/2017/02/01/statement-national-security-advisor
2017-02-14,14:46:48,https://www.whitehouse.gov/the-press-office/2017/02/01/editorial-boards-across-country-praise-judge-gorsuch
2017-02-14,14:46:51,https://www.whitehouse.gov/the-press-office/2017/01/31/bipartisan-praise-impossible-oppose-judge-neil-gorsuch
2017-02-14,14:46:51,https://www.whitehouse.gov/the-press-office/2017/01/31/president-donald-j-trump-nominates-judge-neil-gorsuch-united-states
2017-02-14,14:46:51,https://www.whitehouse.gov/the-press-office/2017/01/31/doing-what-he-said-he-would-president-trumps-transparent-principled-and
2017-02-14,14:46:52,https://www.whitehouse.gov/the-press-office/2017/01/31/president-donald-j-trump-announces-intent-nominate-senior-justice
2017-02-14,14:46:52,https://www.whitehouse.gov/briefing-room/statements-and-releases?term_node_tid_depth=41&page=6
2017-02-14,14:46:52,https://www.whitehouse.gov/sites/whitehouse.gov/files/images/20170207_ADM_nominees_web_devos.png
2017-02-14,14:46:52,https://www.whitehouse.gov/blog?page=7
2017-02-14,14:46:52,https://www.whitehouse.gov/sites/whitehouse.gov/files/docs/Gorsuch-Background.pdf
2017-02-14,14:46:52,https://www.whitehouse.gov/sites/whitehouse.gov/files/docs/Gorsuch-Simple-Bio.pdf
2017-02-14,14:46:53,https://www.whitehouse.gov/the-press-office/2017/01/29/top-highlights-sunday-shows
2017-02-14,14:46:53,https://www.whitehouse.gov/the-press-office/2017/01/29/statement-president-us-service-member-killed-yemen
2017-02-14,14:46:53,https://www.whitehouse.gov/the-press-office/2017/01/28/readout-presidents-call-australian-prime-minister-malcolm-turnbull
2017-02-14,14:46:53,https://www.whitehouse.gov/the-press-office/2017/01/28/readout-presidents-call-french-president-francois-hollande
2017-02-14,14:46:54,https://www.whitehouse.gov/the-press-office/2017/01/28/readout-presidents-call-russian-president-vladimir-putin
2017-02-14,14:46:54,https://www.whitehouse.gov/the-press-office/2017/01/28/readout-presidents-call-chancellor-angela-merkel-germany
2017-02-14,14:46:54,https://www.whitehouse.gov/the-press-office/2017/01/28/president-trumps-first-week-action
2017-02-14,14:46:55,https://www.whitehouse.gov/the-press-office/2017/01/28/evening-communications-briefing-january-27-2017
2017-02-14,14:46:55,https://www.whitehouse.gov/the-press-office/2017/01/28/readout-presidents-call-prime-minister-shinzo-abe-japan
2017-02-14,14:46:55,https://www.whitehouse.gov/the-press-office/2017/01/27/joint-statement-us-mexico-relations
2017-02-14,14:46:55,https://www.whitehouse.gov/briefing-room/statements-and-releases?term_node_tid_depth=41&page=7
2017-02-14,14:46:55,https://www.whitehouse.gov/blog?page=8
2017-02-14,14:46:56,https://www.whitehouse.gov/the-press-office/2017/01/27/statement-president-international-holocaust-remembrance-day
2017-02-14,14:46:56,https://www.whitehouse.gov/the-press-office/2017/01/27/president-trump-announces-manufacturing-jobs-initiative
2017-02-14,14:46:56,https://www.whitehouse.gov/the-press-office/2017/01/27/readout-vice-presidents-call-australian-foreign-minister-julie
2017-02-14,14:46:56,https://www.whitehouse.gov/briefing-room/statements-and-releases?term_node_tid_depth=41&page=8
2017-02-14,14:46:56,https://www.whitehouse.gov/blog?page=9
2017-02-14,14:46:56,https://www.whitehouse.gov/blog?page=10
2017-02-14,14:46:56,https://www.whitehouse.gov/the-press-office/2017/01/31/president-trump-works-make-drugs-more-affordable-create-jobs
2017-02-14,14:46:57,https://www.whitehouse.gov/nominee-gorsuch
2017-02-14,14:46:57,https://www.whitehouse.gov/the-press-office/2017/01/31/president-donald-j-trump-will-continue-enforce-executive-order
2017-02-14,14:46:57,https://www.whitehouse.gov/the-press-office/2017/01/30/president-donald-j-trump-appoints-thomas-homan-acting-assistant
2017-02-14,14:46:57,https://www.whitehouse.gov/the-press-office/2017/01/30/statement-appointment-dana-boente-acting-attorney-general
2017-02-14,14:46:57,https://www.whitehouse.gov/the-press-office/2017/01/30/president-donald-j-trump-announces-intent-nominate-elaine-duke-deputy
2017-02-14,14:46:57,https://www.whitehouse.gov/the-press-office/2017/01/30/readout-vice-presidents-meeting-king-abdullah-ii-jordan
2017-02-14,14:46:58,https://www.whitehouse.gov/the-press-office/2017/01/30/senate-democrats-obstruct-president-trumps-nominees
2017-02-14,14:46:58,https://www.whitehouse.gov/blog?page=11
2017-02-14,14:46:58,https://www.whitehouse.gov/sites/whitehouse.gov/files/images/judge-neil-gorsuch-announced_0.png
2017-02-14,14:46:58,https://www.whitehouse.gov/sites/whitehouse.gov/files/images/judge-neil-gorsuch.png
2017-02-14,14:46:58,https://www.whitehouse.gov/sites/whitehouse.gov/files/images/Vp_King_Abdullah_Jordan_1.jpg
2017-02-14,14:46:58,https://www.whitehouse.gov/sites/whitehouse.gov/files/images/Vp_King_Abdullah_Jordan_2.jpg
2017-02-14,14:46:58,https://www.whitehouse.gov/sites/whitehouse.gov/files/images/obstructionism-table_0.png
2017-02-14,14:46:58,https://www.whitehouse.gov/the-press-office/2017/01/29/readout-presidents-call-acting-president-hwang-kyo-ahn-republic-korea
2017-02-14,14:46:58,https://www.whitehouse.gov/the-press-office/2017/01/29/readout-presidents-call-abu-dhabi-crown-prince-sheikh-muhammad-bin-zayid
2017-02-14,14:46:58,https://www.whitehouse.gov/the-press-office/2017/01/29/president-donald-j-trump-statement-regarding-recent-executive-order
2017-02-14,14:46:58,https://www.whitehouse.gov/the-press-office/2017/01/29/readout-presidents-call-king-salman-bin-abd-al-aziz-al-saud-saudi-arabia
2017-02-14,14:46:59,https://www.whitehouse.gov/blog?page=12
2017-02-14,14:46:59,https://www.whitehouse.gov/blog?page=13
2017-02-14,14:46:59,https://www.whitehouse.gov/blog?page=14
